{
  "IcoMoonType": "selection",
  "icons": [
    {
      "icon": {
        "paths": [
          "M512 658l160 96-42-182 142-124-188-16-72-172-72 172-188 16 142 124-42 182zM938 394l-232 202 70 300-264-160-264 160 70-300-232-202 306-26 120-282 120 282z"
        ],
        "attrs": [
          {}
        ],
        "isMulticolor": false,
        "isMulticolor2": false,
        "tags": [
          "star_border"
        ],
        "grid": 24
      },
      "attrs": [
        {}
      ],
      "properties": {
        "order": 1,
        "id": 4,
        "prevSize": 24,
        "name": "star_border"
      },
      "setIdx": 0,
      "setId": 7,
      "iconIdx": 0
    },
    {
      "icon": {
        "paths": [
          "M512 736l-264 160 70-300-232-202 306-26 120-282 120 282 306 26-232 202 70 300z"
        ],
        "attrs": [
          {}
        ],
        "isMulticolor": false,
        "isMulticolor2": false,
        "tags": [
          "star"
        ],
        "grid": 24
      },
      "attrs": [
        {}
      ],
      "properties": {
        "order": 2,
        "id": 3,
        "prevSize": 24,
        "name": "star"
      },
      "setIdx": 0,
      "setId": 7,
      "iconIdx": 1
    },
    {
      "icon": {
        "paths": [
          "M884 300l-78 78-160-160 78-78c16-16 44-16 60 0l100 100c16 16 16 44 0 60zM128 736l472-472 160 160-472 472h-160v-160z"
        ],
        "attrs": [
          {}
        ],
        "isMulticolor": false,
        "isMulticolor2": false,
        "tags": [
          "mode_edit"
        ],
        "grid": 24
      },
      "attrs": [
        {}
      ],
      "properties": {
        "order": 1,
        "id": 2,
        "prevSize": 24,
        "name": "mode_edit"
      },
      "setIdx": 0,
      "setId": 7,
      "iconIdx": 2
    },
    {
      "icon": {
        "paths": [
          "M810 274l-238 238 238 238-60 60-238-238-238 238-60-60 238-238-238-238 60-60 238 238 238-238z"
        ],
        "attrs": [
          {}
        ],
        "isMulticolor": false,
        "isMulticolor2": false,
        "tags": [
          "close"
        ],
        "grid": 24
      },
      "attrs": [
        {}
      ],
      "properties": {
        "order": 1,
        "id": 1,
        "name": "close",
        "prevSize": 24
      },
      "setIdx": 0,
      "setId": 7,
      "iconIdx": 3
    },
    {
      "icon": {
        "paths": [
          "M512 776l136-136 60 60-196 196-196-196 60-60zM512 248l-136 136-60-60 196-196 196 196-60 60z"
        ],
        "attrs": [
          {}
        ],
        "isMulticolor": false,
        "isMulticolor2": false,
        "tags": [
          "unfold_more"
        ],
        "grid": 24
      },
      "attrs": [
        {}
      ],
      "properties": {
        "order": 1,
        "id": 0,
        "name": "unfold_more",
        "prevSize": 24
      },
      "setIdx": 0,
      "setId": 7,
      "iconIdx": 4
    },
    {
      "icon": {
        "paths": [
          "M513.664 958.272c87.446 87.68 229.12 87.68 316.566 0 54.422-54.4 75.094-129.706 61.674-200.106 23.040-11.734 43.712-25.386 60.992-38.186 1.92-1.494 10.454-7.466 12.586-9.174 9.622-7.894 15.786-19.84 15.786-33.302 0-12.8-5.546-24.32-14.506-32l-176-145.066c-7.254-5.974-16.618-9.6-26.88-9.6-11.542 0-21.994 4.48-29.674 11.734-3.008 2.986-29.418 30.080-29.418 30.080-18.368 18.346-48 18.346-66.368 0l-179.606-179.84c-18.346-18.346-18.346-48.214 0-66.56l29.226-29.226c7.68-7.68 12.16-18.346 12.16-29.846 0-11.52-4.48-21.782-11.734-29.44l-150.826-182.186c-7.894-9.386-19.84-15.574-33.066-15.574-14.080 0-26.454 6.826-34.346 17.28l-2.56 3.414c-32.854 44.374-75.734 114.774-75.734 180.906 0 182.186 406.208 587.734 586.666 587.734 3.414 0 6.826-0.214 10.048-0.214 3.2 33.494-8.128 68.032-33.706 93.866-45.866 45.846-120.128 45.846-165.994 0l-294.592-302.72c-62.506-62.506-163.626-62.506-226.134 0-62.506 62.506-62.506 163.626 0 226.134l96.64 95.36c20.906 20.714 54.614 20.714 75.52 0 20.694-20.886 20.694-54.614 0-75.498l-96.854-95.168c-20.694-20.886-20.694-54.614 0-75.498 20.906-20.714 54.614-20.714 75.52 0l294.614 302.696z"
        ],
        "attrs": [],
        "isMulticolor": false,
        "isMulticolor2": false,
        "tags": [
          "phone",
          "contact"
        ],
        "grid": 48
      },
      "attrs": [],
      "properties": {
        "id": 10,
        "order": 2,
        "prevSize": 48,
        "name": "phone"
      },
      "setIdx": 1,
      "setId": 6,
      "iconIdx": 9
    },
    {
      "icon": {
        "paths": [
          "M891.802 312.781c13.926-13.722 36.301-13.722 50.125 0s13.875 35.891 0 49.613l-404.89 400.896c-13.824 13.722-36.198 13.722-50.125 0l-404.89-400.896c-13.824-13.722-13.824-35.891 0-49.613 13.875-13.722 36.301-13.722 50.125 0l379.853 365.619 379.802-365.619z"
        ],
        "attrs": [],
        "isMulticolor": false,
        "isMulticolor2": false,
        "tags": [
          "chevron-thin-down"
        ],
        "grid": 20
      },
      "attrs": [],
      "properties": {
        "id": 41,
        "order": 7,
        "prevSize": 20,
        "name": "chevron-thin-down"
      },
      "setIdx": 2,
      "setId": 5,
      "iconIdx": 40
    },
    {
      "icon": {
        "paths": [
          "M1024 102.4v819.2h-1007.616c-16.282 0-21.299-10.701-11.059-23.808l228.813-294.298c10.189-13.107 28.314-14.49 40.397-3.174l72.653 68.301c12.032 11.315 29.286 9.114 38.246-4.915l156.006-242.688c8.96-13.978 26.061-15.974 37.939-4.608l111.155 107.315c11.878 11.52 28.621 9.216 37.069-5.12l262.81-398.592c8.499-14.438 20.787-17.613 33.587-17.613z"
        ],
        "attrs": [],
        "isMulticolor": false,
        "isMulticolor2": false,
        "tags": [
          "area-graph"
        ],
        "grid": 20
      },
      "attrs": [],
      "properties": {
        "id": 102,
        "order": 11,
        "prevSize": 20,
        "name": "area-graph"
      },
      "setIdx": 2,
      "setId": 5,
      "iconIdx": 101
    },
    {
      "icon": {
        "paths": [
          "M734.618 760.269c-24.013 24.013-62.925 24.013-86.886 0l-135.731-155.136-135.731 155.085c-24.013 24.013-62.925 24.013-86.886 0-24.013-24.013-24.013-62.925 0-86.886l141.21-161.28-141.261-161.382c-24.013-24.013-24.013-62.874 0-86.886s62.874-24.013 86.886 0l135.782 155.187 135.731-155.187c24.013-24.013 62.874-24.013 86.886 0s24.013 62.925 0 86.886l-141.21 161.382 141.21 161.28c24.013 24.013 24.013 62.925 0 86.938z"
        ],
        "attrs": [],
        "isMulticolor": false,
        "isMulticolor2": false,
        "tags": [
          "cross"
        ],
        "grid": 20
      },
      "attrs": [],
      "properties": {
        "id": 142,
        "order": 10,
        "prevSize": 20,
        "name": "cross"
      },
      "setIdx": 2,
      "setId": 5,
      "iconIdx": 141
    },
    {
      "icon": {
        "paths": [
          "M512 61.389c-248.883 0-450.56 201.728-450.56 450.611 0 248.781 201.677 450.611 450.611 450.611 248.832 0 450.56-201.779 450.56-450.611-0.051-248.883-201.728-450.611-450.611-450.611zM693.146 529.306c-24.371-34.099-49.306-67.584-76.646-99.277-25.651-29.901-52.941-58.419-82.637-84.224-29.594-25.805-61.85-50.278-97.28-67.379-23.808-11.52-48.333-20.122-73.677-27.443-2.867-0.768-10.65-4.301-12.902-0.768-1.434 2.202-0.307 6.298-0.102 8.704 0.717 5.274 1.331 10.496 1.997 15.77 7.578 62.874 10.445 129.28-9.114 190.413-10.445 32.922-29.594 62.976-55.040 86.323-21.146 19.405-51.302 38.912-81.254 37.478-5.53-0.205-11.162-1.178-16.589-3.021-32.051-10.803-33.946-45.363-34.15-73.882-0.205-30.618 3.482-61.184 11.059-90.88 2.304-9.114 5.171-18.074 8.192-26.982 35.072-101.683 116.224-184.422 218.061-220.518 38.093-13.517 78.438-20.326 118.938-20.326 119.091 0 232.397 61.184 297.83 160.614 16.384 24.986 29.542 52.019 39.219 80.179h-0.154c3.123 8.909 5.99 17.92 8.346 26.982 7.475 29.696 11.264 60.314 11.059 90.88-0.41 57.6-18.944 121.19-91.29 90.675-34.15-14.438-62.669-43.622-83.866-73.318z"
        ],
        "attrs": [],
        "isMulticolor": false,
        "isMulticolor2": false,
        "tags": [
          "grooveshark"
        ],
        "grid": 20
      },
      "attrs": [],
      "properties": {
        "id": 330,
        "order": 12,
        "prevSize": 20,
        "name": "grooveshark"
      },
      "setIdx": 2,
      "setId": 5,
      "iconIdx": 329
    },
    {
      "icon": {
        "paths": [
          "M48 288c-8.832 0-16 7.168-16 16v670.272c0 21.28 10.112 33.248 18.624 39.52 10.176 7.552 22.144 10.208 32.832 10.208 6.432 0 12.384-0.96 17.216-2.464 93.728-28.64 299.040-239.424 351.136-294.080 50.784 54.976 249.76 265.44 343.488 294.080 12.928 3.968 33.76 4.32 50.048-7.776 8.544-6.272 18.656-18.208 18.656-39.488v-670.272c0-8.832-7.168-16-16-16s-16 7.168-16 16v670.272c0 8.64-3.232 12-5.664 13.792-5.696 4.224-15.488 4.8-21.664 2.912-97.28-29.728-338.4-295.040-340.8-297.696-3.008-3.328-7.264-5.248-11.744-5.28-4.064-0.032-8.736 1.792-11.808 5.088-2.496 2.656-251.584 268.096-348.992 297.888-6.144 1.888-15.968 1.312-21.664-2.912-2.432-1.792-5.664-5.184-5.664-13.792v-670.272c0-8.832-7.168-16-16-16zM896 208v-160c0-26.464-21.536-48-48-48h-800c-26.464 0-48 21.536-48 48v160c0 8.832 7.168 16 16 16h864c8.832 0 16-7.168 16-16zM864 192h-832v-144c0-8.832 7.168-16 16-16h800c8.832 0 16 7.168 16 16v144z"
        ],
        "width": 896,
        "attrs": [],
        "isMulticolor": false,
        "isMulticolor2": false,
        "tags": [
          "ribbon",
          "bookmark"
        ],
        "defaultCode": 57374,
        "grid": 32
      },
      "attrs": [],
      "properties": {
        "id": 31,
        "order": 3,
        "prevSize": 32,
        "name": "ribbon"
      },
      "setIdx": 3,
      "setId": 4,
      "iconIdx": 30
    },
    {
      "icon": {
        "paths": [
          "M729.664 245.152c0-72.096-21.984-177.088-63.968-238.208-2.976-4.352-7.904-6.944-13.184-6.944h-575.36c-5.28 0-10.208 2.592-13.184 6.944-41.984 61.184-63.968 166.144-63.968 238.208 0 189.824 151.36 400.928 352 411.808v271.040h-131.168c-36.512-2.4-64 25.088-64 61.6v18.4c0 8.832 7.168 16 16 16h384c8.832 0 16-7.168 16-16v-16c0-37.248-28.128-66.4-64-64h-124.832v-271.040c200.64-10.88 345.664-221.984 345.664-411.808zM540.832 992h-352v-2.4c0-18.848 13.152-32 32-32h288c18.272 0 32 14.784 32 34.4zM85.824 32h558.016c33.696 54.144 52.192 143.040 53.536 205.696-27.040-6.272-55.872-9.92-88.64-9.92-101.152 0-152.288 29.472-201.76 57.984-47.904 27.616-93.152 53.696-185.728 53.696s-137.76-26.144-185.632-53.76l-0.96-0.576c-1.6-13.408-2.656-26.784-2.656-39.968 0-62.816 18.816-156.864 53.824-213.152zM41.952 326.016c43.424 23.968 93.216 45.376 179.328 45.376 101.12 0 152.256-29.472 201.728-57.984 47.904-27.584 93.152-53.696 185.76-53.696 32.8 0 61.408 3.52 87.648 10.24-12.704 169.984-152.864 356-331.552 356-159.168 0.032-287.648-147.584-322.912-299.936z"
        ],
        "width": 736,
        "attrs": [],
        "isMulticolor": false,
        "isMulticolor2": false,
        "tags": [
          "wine",
          "glass",
          "drink"
        ],
        "defaultCode": 57411,
        "grid": 32
      },
      "attrs": [],
      "properties": {
        "id": 68,
        "order": 4,
        "prevSize": 32,
        "name": "wine"
      },
      "setIdx": 3,
      "setId": 4,
      "iconIdx": 67
    },
    {
      "icon": {
        "paths": [
          "M896 300.832c0-202.432-146.528-300.832-448-300.832s-448 98.4-448 300.832c0 232.8 421.536 501.376 439.456 512.672 0.032 0.032 0.096 0 0.16 0.032 0.352 0.224 0.736 0.224 1.12 0.416 2.304 1.216 4.736 2.048 7.264 2.048s4.96-0.832 7.264-2.016c0.352-0.192 0.768-0.192 1.12-0.416 0.032-0.032 0.096 0 0.16-0.032 17.92-11.328 439.456-279.872 439.456-512.704zM576 300.832c0 177.92-92.032 387.872-128 463.136-35.968-75.232-128-285.088-128-463.136 0-240.96 73.056-268.832 128-268.832s128 27.872 128 268.832zM288 300.832c0 153.504 63.328 324.512 106.592 423.552-87.744-92.704-234.592-270.592-234.592-423.552 0-150.080 61.376-234.464 191.264-260.224-42.368 46.336-63.264 132.544-63.264 260.224zM608 300.832c0-127.68-20.864-213.888-63.264-260.224 129.888 25.76 191.264 110.176 191.264 260.224 0 152.96-146.848 330.816-234.592 423.552 43.264-99.008 106.592-270.048 106.592-423.552zM32 300.832c0-127.072 63.584-207.040 196.992-244.224-67.648 49.024-100.992 130.048-100.992 244.224 0 134.496 100.32 281.344 186.816 383.136-123.456-98.176-282.816-250.56-282.816-383.136zM581.184 683.968c86.496-101.792 186.816-248.608 186.816-383.136 0-114.176-33.344-195.232-100.992-244.224 133.408 37.184 196.992 117.152 196.992 244.224 0 132.576-159.36 284.96-282.816 383.136zM368 864c-8.832 0-16 7.168-16 16v96c0 26.912 21.088 48 48 48h96c26.912 0 48-21.088 48-48v-96c0-8.832-7.168-16-16-16h-160zM512 976c0 9.408-6.592 16-16 16h-96c-9.408 0-16-6.592-16-16v-80h128v80z"
        ],
        "width": 896,
        "attrs": [],
        "isMulticolor": false,
        "isMulticolor2": false,
        "tags": [
          "hotairballoon",
          "balloon",
          "flight",
          "air"
        ],
        "defaultCode": 57412,
        "grid": 32
      },
      "attrs": [],
      "properties": {
        "id": 69,
        "order": 5,
        "prevSize": 32,
        "name": "hotairballoon"
      },
      "setIdx": 3,
      "setId": 4,
      "iconIdx": 68
    },
    {
      "icon": {
        "paths": [
          "M424.363 399.488c-72.235-55.851-160.213-115.029-298.667-126.251l298.667 126.251zM424.363 527.488c-72.235-55.851-160.213-115.029-298.667-126.251l298.667 126.251zM296.32 573.909c-47.573-22.315-103.083-39.211-170.624-44.672l170.624 44.672zM556.971 399.488l298.667-126.251c-138.453 11.221-226.432 70.443-298.667 126.251zM556.971 527.488l298.667-126.251c-138.453 11.221-226.432 70.443-298.667 126.251zM855.637 529.237c-67.541 5.461-123.051 22.315-170.624 44.672l170.624-44.672zM940.971 15.488c-186.88 0-357.931 87.253-444.373 156.331h-11.819c-86.485-69.077-257.536-156.331-444.416-156.331h-40.363v810.667h40.363c138.069 0 291.115 53.163 359.168 104.491 20.224 15.317 38.699 31.317 54.955 47.616l34.176 31.36h4.011l34.176-31.36c16.256-16.299 34.731-32.299 54.955-47.616 68.053-51.328 221.099-104.491 359.168-104.491h40.363v-810.667h-40.363zM469.333 875.563c0-4.352-10.411-8.747-16.043-13.013-71.381-53.803-239.957-110.763-367.957-120.32v-639.659c170.667 13.056 309.888 95.957 370.389 156.245l11.563 12.672h2.048v604.075zM896 742.229c-128 9.557-296.576 66.517-367.957 120.32-5.632 4.267-16.043 8.704-16.043 13.013v-604.075h2.091l11.563-12.672c60.459-60.288 199.68-143.189 370.347-156.245v639.659z"
        ],
        "attrs": [],
        "isMulticolor": false,
        "isMulticolor2": false,
        "tags": [
          "book",
          "read"
        ],
        "grid": 24
      },
      "attrs": [],
      "properties": {
        "id": 75,
        "order": 6,
        "prevSize": 24,
        "name": "book"
      },
      "setIdx": 4,
      "setId": 3,
      "iconIdx": 74
    },
    {
      "icon": {
        "paths": [
          "M1024 512c0-282.77-229.23-512-512-512s-512 229.23-512 512 229.23 512 512 512 512-229.23 512-512zM96 512c0-229.75 186.25-416 416-416s416 186.25 416 416-186.25 416-416 416-416-186.25-416-416z",
          "M317.256 354.744l-90.512 90.512 285.256 285.254 285.254-285.256-90.508-90.508-194.746 194.744z"
        ],
        "tags": [
          "circle-down",
          "down",
          "circle-bottom",
          "arrow"
        ],
        "defaultCode": 59971,
        "grid": 16,
        "attrs": []
      },
      "attrs": [],
      "properties": {
        "ligatures": "circle-down, down3",
        "name": "circle-down",
        "order": 8,
        "id": 324,
        "prevSize": 32
      },
      "setIdx": 6,
      "setId": 1,
      "iconIdx": 323
    }
  ],
  "height": 1024,
  "preferences": {
    "showGlyphs": true,
    "showQuickUse": true,
    "showQuickUse2": true,
    "showSVGs": true,
    "fontPref": {
      "prefix": "icon-",
      "metadata": {
        "fontFamily": "icomoon"
      },
      "metrics": {
        "emSize": 1024,
        "baseline": 6.25,
        "whitespace": 50
      },
      "embed": false
    },
    "imagePref": {
      "prefix": "",
      "png": true,
      "useClassSelector": true,
      "color": 0,
      "bgColor": 16777215,
      "classSelector": ".icon",
      "name": "icomoon",
      "height": 32,
      "columns": 16,
      "margin": 16
    },
    "historySize": 50,
    "showCodes": true,
    "gridSize": 16
  }
}